Destinations,Region,Continent,1999/00,2000/01,2001/02,2002/03,2003/04,2004/05,2005/06,2006/07,2007/08,2008/09,2009/10,2010/11,2011/12,2012/13,2013/14,2014/15,2015/16,2016/17,2017/18,2018/19
Burundi,East Africa,AFRICA,0,0,0,0,0,1,0,1,0,0,0,2,9,0,1,2,0,11,0,0
Djibouti,East Africa,AFRICA,0,0,0,0,0,0,0,0,0,0,23,1,4,1,1,0,0,0,0,0
Eritrea,East Africa,AFRICA,0,18,0,12,1,14,8,1,0,1,3,0,1,0,1,0,1,1,0,5
Ethiopia,East Africa,AFRICA,0,12,30,26,26,33,56,84,115,133,191,147,267,231,235,261,302,73,207,249
Kenya,East Africa,AFRICA,695,846,720,625,387,661,694,686,657,881,1198,1291,1231,1238,1022,634,681,778,927,926
Rwanda,East Africa,AFRICA,1,0,1,6,10,14,44,59,61,203,126,196,308,366,332,275,411,380,377,460
Seychelles,East Africa,AFRICA,0,0,0,0,0,0,0,0,0,0,0,0,0,1,1,0,0,0,0,3
Somalia,East Africa,AFRICA,0,0,0,0,1,1,1,1,0,1,1,2,1,0,1,0,0,0,10,0
South Sudan,East Africa,AFRICA,-,-,-,-,-,-,-,-,-,-,-,-,-,2,7,3,12,23,0,1
Sudan,East Africa,AFRICA,0,0,0,0,0,1,43,4,2,1,1,5,6,3,0,1,1,0,16,0
Tanzania,East Africa,AFRICA,253,295,293,347,373,467,557,630,783,863,962,1126,1115,1238,1294,1216,1254,1364,1556,1334
Uganda,East Africa,AFRICA,44,28,76,85,141,159,327,357,457,611,571,673,716,692,685,527,722,845,837,797
Cameroon,Central Africa,AFRICA,53,95,51,66,74,75,66,142,108,134,70,106,135,103,175,92,53,99,57,34
Central African Republic,Central Africa,AFRICA,0,13,0,0,0,7,0,2,9,0,2,8,2,0,0,0,0,0,0,1
Chad,Central Africa,AFRICA,1,0,0,0,0,0,0,4,0,0,1,1,0,5,0,0,1,0,2,0
"Congo, Republic of the (Brazzaville)",Central Africa,AFRICA,1,0,2,1,0,0,0,1,3,1,1,4,4,4,3,3,2,3,5,13
"Congo, Dem. Rep. of the (Kinshasa)",Central Africa,AFRICA,0,0,0,0,1,0,3,3,0,1,4,3,6,7,16,15,7,8,6,4
Equatorial Guinea,Central Africa,AFRICA,0,8,2,7,2,5,11,16,14,21,18,13,16,11,12,17,22,7,7,11
Gabon,Central Africa,AFRICA,1,2,1,3,1,0,5,1,8,2,0,16,23,4,45,20,14,5,4,2
São Tomé & Príncipe,Central Africa,AFRICA,0,0,0,0,0,0,0,10,1,8,7,19,6,4,0,5,0,0,0,1
Angola,Southern Africa,AFRICA,0,0,1,0,1,0,1,1,0,1,1,7,2,14,0,1,0,2,0,1
Botswana,Southern Africa,AFRICA,14,44,36,42,80,102,130,194,164,183,215,283,281,326,268,279,266,275,252,300
Comoros,Southern Africa,AFRICA,0,0,0,0,0,0,0,0,0,0,0,1,0,0,0,1,0,0,0,0
Eswatini,Southern Africa,AFRICA,8,31,4,21,5,26,23,76,44,81,51,26,156,44,70,89,122,92,118,72
Lesotho,Southern Africa,AFRICA,0,0,19,34,28,11,54,14,64,89,27,27,3,34,26,14,6,23,1,4
Madagascar,Southern Africa,AFRICA,48,51,84,15,62,73,120,89,131,70,100,104,165,145,138,114,175,145,159,168
Malawi,Southern Africa,AFRICA,3,30,9,9,12,12,64,120,115,139,126,166,162,201,223,195,217,215,263,268
Mauritius,Southern Africa,AFRICA,0,4,1,1,2,1,122,9,10,1,4,1,0,0,4,4,4,3,22,54
Mozambique,Southern Africa,AFRICA,12,66,20,29,42,27,19,14,16,25,11,20,42,47,44,32,45,30,48,30
Namibia,Southern Africa,AFRICA,48,38,38,120,97,188,181,146,204,220,226,155,234,182,167,227,245,207,237,270
Reunion,Southern Africa,AFRICA,1,4,1,0,3,2,1,0,2,8,1,0,2,1,1,0,3,0,3,3
South Africa,Southern Africa,AFRICA,899,1107,1456,1594,2009,2304,2512,3216,3700,4160,4313,4337,4540,5337,4968,5249,5782,6042,6001,5278
Zambia,Southern Africa,AFRICA,0,11,15,24,50,86,112,133,103,185,233,265,284,366,291,299,262,306,372,326
Zimbabwe,Southern Africa,AFRICA,250,186,40,29,9,7,9,26,9,27,9,15,12,29,47,38,58,37,35,25
Benin,West Africa,AFRICA,20,21,22,14,15,11,26,43,68,36,59,22,15,34,46,15,42,22,64,55
Burkina Faso,West Africa,AFRICA,22,10,33,7,28,40,19,34,49,71,28,27,57,24,31,8,5,7,6,5
Cabo Verde/Cape Verde,West Africa,AFRICA,0,0,0,0,0,0,14,1,0,3,14,26,13,59,2,18,9,11,9,5
Côte d’Ivoire/Ivory Coast,West Africa,AFRICA,7,10,21,0,2,17,12,0,3,0,1,1,12,1,15,4,4,4,3,13
Gambia,West Africa,AFRICA,13,23,35,22,34,36,31,44,28,65,18,54,109,96,118,25,73,39,62,61
Ghana,West Africa,AFRICA,630,607,821,805,909,1125,1205,1645,1856,2030,2132,2133,2190,2086,2301,737,1564,1865,2210,2147
Guinea,West Africa,AFRICA,1,0,10,0,2,1,1,1,0,0,0,0,4,20,4,0,7,2,14,8
Guinea-Bissau,West Africa,AFRICA,0,0,0,0,0,0,1,0,0,0,0,0,0,0,5,0,0,1,6,0
Liberia,West Africa,AFRICA,3,0,0,1,2,0,3,25,3,42,35,53,83,47,70,3,15,30,37,40
Mali,West Africa,AFRICA,82,57,44,31,66,55,66,39,145,77,101,29,73,0,16,3,3,2,3,0
Mauritania,West Africa,AFRICA,1,2,1,4,3,0,1,0,14,2,14,0,1,0,1,0,0,0,2,0
Niger,West Africa,AFRICA,14,14,24,23,14,24,22,16,19,80,29,21,0,4,5,3,5,6,0,6
Nigeria,West Africa,AFRICA,26,5,10,24,29,14,37,22,11,42,35,41,23,32,18,11,11,42,34,38
Saint Helena,West Africa,AFRICA,0,0,0,0,0,0,0,0,0,0,0,0,0,0,11,0,0,0,0,0
Senegal,West Africa,AFRICA,180,140,211,286,280,320,440,475,463,384,381,375,399,278,381,199,281,344,337,376
Sierra Leone,West Africa,AFRICA,0,0,0,7,0,3,8,15,42,13,69,67,122,89,128,3,29,56,79,57
Togo,West Africa,AFRICA,5,4,7,7,16,2,2,12,3,10,4,9,25,5,36,5,22,28,28,4
China,East Asia,ASIA,2949,2942,3911,2493,4737,6389,8830,11064,13165,13674,13910,14596,14887,14413,13763,12790,11688,11910,11613,11639
Hong Kong,East Asia,ASIA,342,470,501,458,487,748,915,1059,1093,1155,1196,1033,1474,1401,1596,1508,1612,1641,1859,2314
Japan,East Asia,ASIA,2679,2618,3168,3457,3707,4100,4411,5012,5710,5784,6166,4134,5283,5758,5978,6053,7145,7531,8467,8928
Macau,East Asia,ASIA,0,5,2,0,0,0,0,3,4,0,6,18,4,17,18,3,4,33,4,23
Mongolia,East Asia,ASIA,2,39,33,27,68,66,92,54,85,72,53,76,76,52,85,71,71,90,85,132
North Korea,East Asia,ASIA,0,0,0,0,2,0,0,0,0,0,0,0,0,0,0,0,0,0,0,0
South Korea,East Asia,ASIA,444,522,631,739,879,962,1267,1312,1597,2062,2137,2487,2695,3042,3219,3520,3622,3770,3929,4558
Taiwan,East Asia,ASIA,169,182,173,148,195,194,367,467,578,597,850,814,820,890,801,880,980,1002,857,1270
Afghanistan,South and Central Asia,ASIA,0,0,1,2,0,0,0,5,1,0,22,8,1,2,2,0,2,3,1,2
Bangladesh,South and Central Asia,ASIA,21,49,4,21,24,34,55,36,58,84,132,158,107,140,54,81,27,25,43,45
Bhutan,South and Central Asia,ASIA,1,0,13,1,11,1,38,11,22,1,22,24,28,26,38,41,114,74,104,122
India,South and Central Asia,ASIA,811,750,627,703,1157,1767,2115,2627,3146,2690,3884,4345,4593,4377,4583,4438,4181,4704,3986,3366
Kazakhstan,South and Central Asia,ASIA,2,2,1,2,10,9,22,12,12,22,21,54,26,17,37,55,56,76,50,49
Kyrgyzstan,South and Central Asia,ASIA,9,0,0,2,0,0,1,2,3,4,2,9,37,18,27,30,59,29,63,71
Maldives,South and Central Asia,ASIA,0,0,0,0,0,0,1,0,2,1,3,0,1,0,1,0,0,0,0,2
Nepal,South and Central Asia,ASIA,389,395,214,142,98,77,41,87,187,123,145,210,257,383,460,368,370,581,566,647
Pakistan,South and Central Asia,ASIA,3,3,9,9,5,3,13,5,4,5,10,14,4,11,6,10,6,6,5,7
Sri Lanka,South and Central Asia,ASIA,46,59,46,72,32,67,123,28,48,22,25,69,102,87,100,121,145,157,85,67
Tajikistan,South and Central Asia,ASIA,1,0,1,1,1,0,3,3,19,10,39,20,29,9,26,18,17,16,15,7
Turkmenistan,South and Central Asia,ASIA,0,0,0,0,0,1,0,0,0,2,0,0,0,0,0,0,1,0,0,0
Uzbekistan,South and Central Asia,ASIA,2,1,0,6,11,5,5,4,2,3,12,10,12,4,3,0,2,7,1,1
Brunei,Southeast Asia,ASIA,0,0,0,0,0,0,1,0,0,0,1,1,2,1,0,25,11,0,0,0
Cambodia,Southeast Asia,ASIA,12,9,10,12,43,63,79,158,221,183,320,273,303,395,381,482,594,466,415,411
Indonesia,Southeast Asia,ASIA,189,213,52,26,24,28,57,132,74,176,221,223,369,493,508,534,597,555,825,677
Laos,Southeast Asia,ASIA,1,2,1,2,1,2,22,38,14,23,20,38,6,6,5,15,12,23,10,14
Malaysia,Southeast Asia,ASIA,26,77,25,47,43,77,108,121,105,137,125,167,176,237,159,152,279,310,153,241
Myanmar,Southeast Asia,ASIA,1,0,0,1,2,2,26,27,4,3,18,29,3,26,61,67,55,68,29,77
Philippines,Southeast Asia,ASIA,107,108,102,124,165,119,100,130,194,158,238,263,273,273,329,353,460,464,409,381
Singapore,Southeast Asia,ASIA,87,117,231,176,263,377,423,437,568,612,841,715,1130,1181,1124,1080,969,1165,1121,1434
Thailand,Southeast Asia,ASIA,399,496,836,794,948,1128,1305,1584,1555,1462,1231,1410,1437,1923,1919,2096,2093,2763,2482,2859
Timor-Leste/East Timor,Southeast Asia,ASIA,0,0,1,0,17,6,1,1,2,0,4,2,3,1,7,0,9,5,3,23
Vietnam,Southeast Asia,ASIA,142,188,218,286,283,346,390,550,652,672,686,881,878,683,1000,922,1012,1147,1228,1235
Albania,EUROPE,EUROPE,42,0,0,6,3,31,36,17,14,8,24,19,17,20,17,22,29,34,28,25
Andorra,EUROPE,EUROPE,0,0,0,0,0,0,0,2,0,0,0,0,0,0,0,0,0,0,0,0
Armenia,EUROPE,EUROPE,0,7,1,3,5,60,61,61,24,43,51,35,20,26,39,42,43,40,24,51
Austria,EUROPE,EUROPE,2246,2396,2180,2798,2444,2757,2792,2810,3356,2836,2701,2736,2657,2673,2744,3211,3216,3308,3161,3039
Azerbaijan,EUROPE,EUROPE,1,0,1,1,0,3,9,78,1,22,27,23,5,46,16,22,23,24,16,21
Belarus,EUROPE,EUROPE,16,0,13,12,11,4,1,1,1,0,8,12,0,7,0,0,7,0,0,11
Belgium,EUROPE,EUROPE,823,670,867,890,901,876,1126,1171,1173,1447,1244,1374,1300,1297,1458,1477,1285,1158,1256,1210
Bosnia and Herzegovina,EUROPE,EUROPE,4,19,2,15,20,27,48,56,62,37,54,56,82,52,111,58,72,49,130,58
Bulgaria,EUROPE,EUROPE,15,30,12,36,28,43,97,86,164,76,55,103,120,71,117,42,85,66,119,155
Croatia,EUROPE,EUROPE,94,42,45,41,68,102,177,259,226,298,270,271,190,245,330,350,406,505,733,727
Cyprus,EUROPE,EUROPE,15,37,77,10,38,129,125,192,203,171,174,144,162,157,229,278,125,208,319,339
Czechia/Czech Republic,EUROPE,EUROPE,1248,1273,1659,1997,2089,2494,2846,3145,3417,3664,3409,3291,3477,3552,3572,4093,4610,4777,5248,5480
Denmark,EUROPE,EUROPE,718,817,908,1127,1434,1529,1624,1634,1855,2244,2228,2478,2876,3302,3545,4034,4632,4457,4637,4846
Estonia,EUROPE,EUROPE,11,18,9,15,33,8,20,67,112,73,52,54,63,80,145,92,151,170,110,159
Finland,EUROPE,EUROPE,211,182,169,272,136,260,150,278,256,335,211,312,256,294,263,330,396,458,509,490
France,EUROPE,EUROPE,11924,11905,12274,13080,13718,15374,15602,17233,17336,16910,17161,17019,17168,17210,17597,18198,17214,16462,17185,18465
Georgia,EUROPE,EUROPE,0,1,1,4,33,26,20,69,20,5,28,52,39,75,20,94,58,56,90,85
Germany,EUROPE,EUROPE,4744,5116,4856,5587,5985,6557,6858,7355,8253,8330,8551,9018,9370,9544,10377,11010,11900,12585,12250,12029
Gibraltar,EUROPE,EUROPE,1,0,0,0,6,15,8,2,0,2,1,0,0,1,1,0,1,0,0,1
Greece,EUROPE,EUROPE,1449,1754,1856,2011,2099,2445,3227,3417,3847,3616,3700,3428,2701,2394,3066,3628,3592,4351,5223,5834
Hungary,EUROPE,EUROPE,441,439,452,562,654,645,720,857,902,897,920,749,682,938,806,899,1086,1291,1161,1231
Iceland,EUROPE,EUROPE,75,123,164,134,117,118,82,190,276,237,266,218,254,280,485,513,688,1052,1129,1286
Ireland,EUROPE,EUROPE,3810,3973,4375,4892,5198,5083,5499,5785,6881,6858,6798,7007,7640,8084,8823,10230,11070,11492,11965,11777
Italy,EUROPE,EUROPE,12930,16127,17169,18936,21922,24858,26078,27831,30670,27362,27940,30361,29645,29848,31166,33768,34894,35366,36945,39043
Kosovo,EUROPE,EUROPE,0,0,0,0,0,1,0,5,15,16,22,21,16,20,31,18,29,28,43,87
Latvia,EUROPE,EUROPE,14,14,21,4,3,20,14,10,3,14,10,7,9,4,67,75,77,53,75,62
Liechtenstein,EUROPE,EUROPE,1,0,2,1,0,1,0,0,15,0,1,0,0,0,0,0,0,8,1,0
Lithuania,EUROPE,EUROPE,23,23,53,16,27,41,97,155,84,86,88,32,66,104,152,110,154,103,182,122
Luxembourg,EUROPE,EUROPE,462,407,359,343,420,369,424,382,316,372,389,341,369,340,357,372,334,256,284,308
North Macedonia/Macedonia,EUROPE,EUROPE,4,3,0,15,1,2,14,10,23,34,35,30,9,18,7,4,3,16,9,2
Malta,EUROPE,EUROPE,72,118,101,67,86,100,133,82,129,95,105,92,133,126,128,65,144,190,198,94
Moldova,EUROPE,EUROPE,1,0,0,4,0,0,2,1,2,10,1,11,8,9,6,10,1,7,6,9
Monaco,EUROPE,EUROPE,13,9,0,10,29,35,12,42,26,22,16,27,4,6,1,1,3,13,0,5
Montenegro,EUROPE,EUROPE,0,0,0,0,0,0,16,0,0,0,17,21,5,1,0,5,32,13,21,34
Netherlands,EUROPE,EUROPE,1545,1635,1676,1792,1686,1740,1785,2139,2038,2318,2369,2467,2485,2637,2615,2929,3433,3437,3966,4182
Norway,EUROPE,EUROPE,277,215,244,270,243,291,311,298,379,479,440,463,400,551,606,631,583,670,764,811
Poland,EUROPE,EUROPE,244,273,378,426,418,511,626,532,642,595,437,561,562,520,601,730,789,834,976,899
Portugal,EUROPE,EUROPE,60,77,115,143,80,140,101,79,149,240,198,291,211,197,319,423,523,693,857,1096
Romania,EUROPE,EUROPE,75,71,57,97,136,188,206,180,129,219,140,246,204,287,270,181,275,297,358,288
Russia,EUROPE,EUROPE,1103,1152,1269,1521,1797,1743,1923,1716,1857,1798,1828,1827,1777,1562,1527,1187,1319,1499,1321,1305
San Marino,EUROPE,EUROPE,0,0,0,0,0,0,0,0,0,0,0,0,0,0,0,0,0,0,0,0
Serbia,EUROPE,EUROPE,0,0,0,0,14,8,25,45,11,23,62,63,51,86,85,76,179,116,150,90
Slovakia,EUROPE,EUROPE,12,26,5,29,2,16,52,76,41,27,76,49,25,28,59,70,41,36,47,80
Slovenia,EUROPE,EUROPE,34,20,29,26,18,25,19,16,28,88,7,29,48,49,75,47,49,103,105,118
Spain,EUROPE,EUROPE,13974,16016,17176,18865,20080,20806,21881,24005,25212,24169,25411,25965,26480,26281,26949,28325,29975,31230,32411,33849
Sweden,EUROPE,EUROPE,538,543,598,818,830,769,856,934,919,1150,1002,1003,1083,1238,1224,1404,1441,1661,1830,1896
Switzerland,EUROPE,EUROPE,845,827,1022,1148,1280,1428,1589,1771,1942,2004,1863,2019,1679,1572,1809,1738,2032,2046,2125,2121
Turkey,EUROPE,EUROPE,99,234,129,228,200,454,694,924,1172,1261,1522,2042,1987,2037,2163,1889,705,46,78,143
Ukraine,EUROPE,EUROPE,77,132,53,123,135,89,172,163,140,84,198,110,131,102,38,7,34,14,83,100
United Kingdom,EUROPE,EUROPE,29289,30289,30143,31706,32237,32071,32109,32705,33333,31342,32683,33182,34660,36210,38250,38189,39140,39851,39403,39358
Vatican City/Holy See,EUROPE,EUROPE,0,0,30,0,17,0,7,5,22,38,47,4,17,1,16,2,12,16,3,1
Anguilla,Caribbean,LATIN AMERICA & CARIBBEAN,26,23,7,13,1,39,5,8,0,0,14,1,5,11,12,0,1,0,0,1
Antigua and Barbuda,Caribbean,LATIN AMERICA & CARIBBEAN,4,11,0,0,11,25,0,1,2,21,0,24,38,28,52,22,18,23,2,10
Aruba,Caribbean,LATIN AMERICA & CARIBBEAN,0,0,1,11,0,1,5,0,1,3,0,1,0,4,1,14,3,6,3,21
Bahamas,Caribbean,LATIN AMERICA & CARIBBEAN,411,515,414,535,508,417,515,657,646,726,755,947,757,901,750,900,1137,955,746,965
Barbados,Caribbean,LATIN AMERICA & CARIBBEAN,131,147,126,162,183,202,143,187,146,160,204,248,214,272,156,169,177,157,258,227
Bermuda,Caribbean,LATIN AMERICA & CARIBBEAN,67,68,71,57,58,92,79,105,76,91,149,129,148,158,163,119,131,125,138,190
British Virgin Islands,Caribbean,LATIN AMERICA & CARIBBEAN,57,97,55,119,140,110,112,75,32,44,47,114,104,102,58,140,159,141,37,46
Cayman Islands,Caribbean,LATIN AMERICA & CARIBBEAN,39,61,35,43,15,26,19,19,65,65,120,52,156,35,92,90,91,55,148,144
Cuba,Caribbean,LATIN AMERICA & CARIBBEAN,553,905,1279,1474,2148,169,140,220,249,251,298,375,1454,1633,1845,2384,3781,4607,2464,2414
Curacao,Caribbean,LATIN AMERICA & CARIBBEAN,-,-,-,-,-,-,-,-,-,-,-,-,-,17,46,25,17,27,73,96
Dominica,Caribbean,LATIN AMERICA & CARIBBEAN,22,12,35,0,60,82,112,192,135,112,117,72,100,108,83,147,139,102,68,102
Dominican Republic,Caribbean,LATIN AMERICA & CARIBBEAN,542,527,596,651,705,724,922,948,1205,1448,1324,1343,1554,1639,1698,2146,2001,2197,1992,1889
Grenada,Caribbean,LATIN AMERICA & CARIBBEAN,15,14,9,0,26,42,5,25,49,36,99,94,27,42,28,32,37,128,88,66
Guadeloupe,Caribbean,LATIN AMERICA & CARIBBEAN,36,26,49,22,41,38,0,42,10,19,2,21,6,9,10,3,7,39,28,9
Haiti,Caribbean,LATIN AMERICA & CARIBBEAN,65,58,105,92,48,19,3,39,45,78,85,213,454,501,740,532,689,754,611,254
Jamaica,Caribbean,LATIN AMERICA & CARIBBEAN,548,462,405,539,435,555,727,790,712,704,614,666,868,905,975,1047,1153,1171,1140,1040
Martinique,Caribbean,LATIN AMERICA & CARIBBEAN,81,46,82,73,89,141,82,110,49,56,70,43,24,21,42,43,85,72,121,83
Montserrat,Caribbean,LATIN AMERICA & CARIBBEAN,0,0,5,0,0,17,13,1,4,0,0,1,1,0,0,0,0,0,0,0
Netherlands Antilles,Caribbean,LATIN AMERICA & CARIBBEAN,16,22,20,13,34,60,81,66,94,83,124,84,94,22,-,-,-,-,-,-
St. Kitts and Nevis,Caribbean,LATIN AMERICA & CARIBBEAN,35,20,7,12,14,25,24,26,19,36,50,89,33,61,52,54,66,42,39,57
St. Lucia,Caribbean,LATIN AMERICA & CARIBBEAN,2,10,0,0,1,21,16,30,65,61,73,71,43,28,56,54,67,52,113,30
St. Vincent and the Grenadines,Caribbean,LATIN AMERICA & CARIBBEAN,0,2,0,6,16,3,0,0,0,0,7,11,2,1,0,15,8,13,2,4
Sint Maarten,Caribbean,LATIN AMERICA & CARIBBEAN,-,-,-,-,-,-,-,-,-,-,-,-,-,0,4,1,12,6,6,0
Trinidad and Tobago,Caribbean,LATIN AMERICA & CARIBBEAN,121,123,175,107,161,261,144,229,222,249,217,169,265,225,349,282,356,295,277,275
Turks and Caicos,Caribbean,LATIN AMERICA & CARIBBEAN,9,9,10,19,40,144,74,48,62,70,83,101,107,93,138,125,122,101,62,130
Belize,Mexico and Central America,LATIN AMERICA & CARIBBEAN,568,556,681,1363,823,941,812,1319,1466,1333,1541,1715,2209,2286,2667,2590,2703,2715,2584,2589
Costa Rica,Mexico and Central America,LATIN AMERICA & CARIBBEAN,3421,3641,3781,4296,4510,4887,5518,5383,6096,6363,6262,7230,7900,8497,8578,9305,9233,8322,8681,8333
El Salvador,Mexico and Central America,LATIN AMERICA & CARIBBEAN,77,78,145,117,232,269,261,271,444,381,385,303,364,303,242,298,120,94,62,112
Guatemala,Mexico and Central America,LATIN AMERICA & CARIBBEAN,389,473,410,446,646,702,710,1095,1265,1242,1333,1254,1767,1661,2168,2195,2292,2018,2314,1976
Honduras,Mexico and Central America,LATIN AMERICA & CARIBBEAN,309,311,332,462,430,399,649,499,877,773,631,1004,812,824,757,693,859,703,731,726
Mexico,Mexico and Central America,LATIN AMERICA & CARIBBEAN,7374,8360,8078,8775,9293,9244,10022,9461,9928,7320,7157,4167,3815,3730,4445,4712,5178,5736,5963,6340
Nicaragua,Mexico and Central America,LATIN AMERICA & CARIBBEAN,201,162,251,290,343,312,463,563,791,870,1058,1064,1551,1357,1884,1930,2320,1922,1641,202
Panama,Mexico and Central America,LATIN AMERICA & CARIBBEAN,75,96,344,109,195,228,651,438,581,757,691,624,730,958,1106,1065,1256,1108,1339,1323
Argentina,South America,LATIN AMERICA & CARIBBEAN,985,1258,905,868,1315,2013,2865,3617,4109,4705,4835,4589,4763,4549,4301,3708,3846,3422,3805,3317
Bolivia,South America,LATIN AMERICA & CARIBBEAN,158,177,156,159,234,187,225,215,341,196,359,306,274,345,353,320,286,362,293,371
Brazil,South America,LATIN AMERICA & CARIBBEAN,717,760,1064,1345,1554,1994,2328,2524,2723,2777,3099,3485,4060,4223,4226,3836,3400,2078,2699,2269
Chile,South America,LATIN AMERICA & CARIBBEAN,937,1233,1492,1944,2135,2393,2578,2824,2739,3503,3115,3280,3064,2879,3333,3136,2942,3073,3020,3190
Colombia,South America,LATIN AMERICA & CARIBBEAN,44,13,26,15,20,42,37,51,68,109,180,200,294,340,439,664,828,911,905,1030
Ecuador,South America,LATIN AMERICA & CARIBBEAN,1286,1311,1425,1567,1678,1711,2171,2813,2814,2859,2960,3107,3572,3438,3699,3746,3751,4021,4055,3675
Falkland Islands/Islas Malvinas,South America,LATIN AMERICA & CARIBBEAN,0,0,0,0,0,0,0,1,0,18,0,0,0,0,0,0,0,0,0,0
French Guiana,South America,LATIN AMERICA & CARIBBEAN,0,0,2,0,6,22,2,1,3,38,1,0,1,0,2,0,4,0,0,37
Guyana,South America,LATIN AMERICA & CARIBBEAN,17,1,9,37,41,29,29,36,81,29,51,31,67,40,114,72,37,49,97,94
Paraguay,South America,LATIN AMERICA & CARIBBEAN,34,47,16,59,75,56,34,39,54,53,39,36,25,40,14,48,87,102,82,57
Peru,South America,LATIN AMERICA & CARIBBEAN,349,356,522,599,624,867,1135,1230,1638,2163,2316,2448,2680,2956,3396,3481,3513,3695,3939,4041
Suriname,South America,LATIN AMERICA & CARIBBEAN,2,0,0,0,14,9,12,0,5,0,23,38,12,12,0,13,28,6,2,6
Uruguay,South America,LATIN AMERICA & CARIBBEAN,9,49,52,59,108,82,91,81,172,160,168,133,142,162,201,116,142,107,169,212
Venezuela,South America,LATIN AMERICA & CARIBBEAN,339,206,97,57,81,147,145,165,173,173,142,117,121,57,37,26,23,1,10,1
Bahrain,MIDDLE EAST,MIDDLE EAST & NORTH AFRICA,0,2,3,0,3,3,1,33,37,26,31,16,0,5,14,16,23,27,50,26
Iran,MIDDLE EAST,MIDDLE EAST & NORTH AFRICA,0,1,2,1,1,2,7,2,1,3,2,1,1,2,15,2,3,1,2,28
Iraq,MIDDLE EAST,MIDDLE EAST & NORTH AFRICA,0,0,0,0,0,1,0,0,0,0,2,1,0,9,6,0,1,2,3,4
Israel,MIDDLE EAST,MIDDLE EAST & NORTH AFRICA,3898,1248,1031,340,665,1617,1981,2226,2322,1958,3146,3441,3189,2798,2876,3317,2435,2999,3355,3532
Jordan,MIDDLE EAST,MIDDLE EAST & NORTH AFRICA,86,83,37,29,65,171,309,231,486,483,745,731,976,935,1085,985,969,735,1017,1064
Kuwait,MIDDLE EAST,MIDDLE EAST & NORTH AFRICA,2,3,4,6,3,2,1,2,35,25,30,30,26,30,28,28,23,13,0,5
Lebanon,MIDDLE EAST,MIDDLE EAST & NORTH AFRICA,13,19,16,14,23,43,46,14,31,44,86,117,85,39,26,37,29,56,64,82
Oman,MIDDLE EAST,MIDDLE EAST & NORTH AFRICA,0,0,1,0,1,2,23,21,33,27,48,36,51,33,71,92,143,102,96,149
Palestinian Territories,MIDDLE EAST,MIDDLE EAST & NORTH AFRICA,1,1,0,0,1,23,25,7,4,8,27,15,14,35,22,30,15,17,27,14
Qatar,MIDDLE EAST,MIDDLE EAST & NORTH AFRICA,0,0,0,0,2,7,2,2,24,70,84,67,151,88,99,138,122,108,96,62
Saudi Arabia,MIDDLE EAST,MIDDLE EAST & NORTH AFRICA,2,1,1,2,2,1,1,3,2,26,14,18,25,11,25,11,16,20,8,4
Syria,MIDDLE EAST,MIDDLE EAST & NORTH AFRICA,5,3,2,4,19,19,39,21,22,35,104,50,5,16,0,1,1,0,0,0
United Arab Emirates,MIDDLE EAST,MIDDLE EAST & NORTH AFRICA,5,5,7,12,20,84,146,173,345,955,634,474,661,696,735,619,718,865,939,955
Yemen,MIDDLE EAST,MIDDLE EAST & NORTH AFRICA,1,3,0,1,7,2,4,24,20,10,6,0,1,2,1,0,0,0,0,0
Algeria,North Africa,MIDDLE EAST & NORTH AFRICA,0,0,0,0,0,0,1,0,0,0,1,1,1,0,2,0,0,1,1,5
Egypt,North Africa,MIDDLE EAST & NORTH AFRICA,388,436,241,303,573,807,983,1100,1466,1781,1923,1096,701,486,37,109,124,174,123,248
Libya,North Africa,MIDDLE EAST & NORTH AFRICA,0,0,0,0,0,0,0,0,2,0,0,0,0,1,2,0,0,0,0,0
Morocco,North Africa,MIDDLE EAST & NORTH AFRICA,132,245,170,191,298,339,370,491,719,865,1257,1038,957,1182,1255,1413,1403,1770,1411,1749
Tunisia,North Africa,MIDDLE EAST & NORTH AFRICA,59,69,20,0,11,29,54,63,173,130,141,74,103,47,50,46,19,11,15,38
Canada,Canada,NORTH AMERICA,1275,1040,1180,1194,1054,1029,1015,1222,1083,1264,1750,1426,1639,1380,1470,1569,1716,1639,1786,2107
Australia,OCEANIA,OCEANIA,6329,8066,9456,10691,11418,10813,10980,10747,11042,11140,9962,9736,9324,8320,8369,8810,9536,10400,10332,10665
Cook Islands,OCEANIA,OCEANIA,1,1,3,1,2,24,2,1,1,1,6,2,1,1,1,1,5,1,1,2
Fiji,OCEANIA,OCEANIA,34,8,45,66,132,143,314,180,180,220,239,259,211,233,260,249,266,218,216,245
French Polynesia,OCEANIA,OCEANIA,20,24,40,7,100,83,72,62,60,33,153,79,75,77,110,64,107,81,95,73
Kiribati,OCEANIA,OCEANIA,0,0,0,0,0,0,0,3,0,0,1,4,9,2,1,0,0,2,3,4
Marshall Islands,OCEANIA,OCEANIA,0,7,2,8,6,3,4,4,3,4,25,0,3,0,2,3,5,4,8,0
Micronesia,OCEANIA,OCEANIA,2,1,22,16,15,17,24,15,53,1,3,58,27,24,56,18,0,33,0,20
Nauru,OCEANIA,OCEANIA,0,0,0,0,0,0,0,0,0,1,0,0,0,0,0,0,0,0,0,0
New Caledonia,OCEANIA,OCEANIA,0,0,0,0,0,4,0,3,0,0,1,1,0,0,0,0,0,2,0,1
New Zealand,OCEANIA,OCEANIA,799,1120,1326,1917,2369,2657,2542,2718,2629,2769,3113,2900,2969,2793,3021,3325,3806,3777,3885,4233
Niue,OCEANIA,OCEANIA,0,0,0,0,0,0,5,0,0,0,0,0,0,0,0,0,0,0,0,3
Norfolk Island,OCEANIA,OCEANIA,0,0,0,0,0,0,1,0,0,0,0,0,0,0,0,0,0,0,0,1
Palau,OCEANIA,OCEANIA,0,0,7,0,0,2,11,2,14,24,12,31,68,65,37,65,34,20,34,48
Papua New Guinea,OCEANIA,OCEANIA,2,10,4,0,6,11,2,10,3,15,6,2,4,13,7,6,3,4,1,15
Samoa,OCEANIA,OCEANIA,26,35,26,25,36,27,62,35,30,41,8,30,40,28,43,55,37,66,79,88
Solomon Islands,OCEANIA,OCEANIA,0,0,0,0,1,0,0,0,0,11,3,0,3,11,0,3,3,10,3,15
Tonga,OCEANIA,OCEANIA,0,5,10,0,26,3,12,39,12,0,34,47,20,17,14,15,11,21,21,18
Tuvalu,OCEANIA,OCEANIA,0,0,0,0,0,0,1,0,1,0,0,0,0,0,0,0,0,0,0,0
Vanuatu,OCEANIA,OCEANIA,0,2,0,4,2,0,1,1,0,1,0,7,1,0,2,0,2,0,14,3
Wallis and Futuna,OCEANIA,OCEANIA,-,-,-,-,-,-,-,-,-,-,-,-,-,-,-,-,-,-,-,0
ANTARCTICA,ANTARCTICA,ANTARCTICA,0,0,0,18,24,0,57,62,78,60,65,37,42,41,15,64,87,46,10,86
